Transaction Date,Post Date,Description,Category,Type,Amount,Memo
08/04/2024,08/05/2024,WHOLEFDS FTG #10709,Groceries,Sale,-27.40,
08/01/2024,08/04/2024,76 - DENVILLE OPERATING,Gas,Sale,-27.70,
08/03/2024,08/04/2024,GOOGLE *Google One,Shopping,Sale,-2.11,
08/02/2024,08/04/2024,AMZN Mktp US,Shopping,Return,118.68,
07/31/2024,08/01/2024,AMAZON MKTPL*RV7B057X0,Shopping,Sale,-42.28,
07/30/2024,08/01/2024,TST* BLACK FOREST BROOKLY,Food & Drink,Sale,-24.49,
07/30/2024,07/31/2024,ALOHI  * FAXPLUS,Bills & Utilities,Sale,-8.99,
07/25/2024,07/25/2024,UBER   TRIP,Travel,Sale,-17.64,
07/22/2024,07/22/2024,AUTOMATIC PAYMENT - THANK,,Payment,2457.04,
07/19/2024,07/21/2024,AMAZON MKTPL*RS4YE3SX1,Shopping,Sale,-62.09,
07/19/2024,07/21/2024,AMAZON MKTPL*RS89Y69V2,Shopping,Sale,-57.60,
07/18/2024,07/19/2024,Prime Video Channels,Shopping,Sale,-9.99,
07/18/2024,07/19/2024,AMAZON MKTPL*RS57L7DZ2,Shopping,Sale,-77.62,
07/17/2024,07/19/2024,nuuly.com,Shopping,Sale,-98.00,
07/17/2024,07/18/2024,AMAZON MKTPL*RS5I13KP0,Shopping,Sale,-49.99,
07/16/2024,07/17/2024,AMAZON MKTPL*RS65D9580,Shopping,Sale,-15.73,
07/16/2024,07/17/2024,AMZN Mktp US*RS4WP6JE2,Shopping,Sale,-118.68,
07/12/2024,07/14/2024,AMAZON MKTPL*RY87Z12V0,Shopping,Sale,-110.65,
07/11/2024,07/12/2024,AMZN Mktp US*RY25Y2PV1,Shopping,Sale,-44.99,
07/10/2024,07/11/2024,AMZN Mktp US*RY68S53D1,Shopping,Sale,-23.58,
07/11/2024,07/11/2024,PROSE* PROSE R24711405,Shopping,Sale,-87.01,
07/10/2024,07/11/2024,AMAZON MKTPL*RY4HP43F2,Shopping,Sale,-52.22,
07/08/2024,07/10/2024,nuuly.com,Shopping,Return,17.00,
07/09/2024,07/10/2024,TARGET        00018499,Shopping,Return,14.40,
07/09/2024,07/10/2024,WHOLEFDS FTG #10709,Groceries,Sale,-51.84,
07/07/2024,07/09/2024,TST* OTWAY BAKERY,Food & Drink,Sale,-16.50,
07/08/2024,07/09/2024,SQ *CIAO  GLORIA,Food & Drink,Sale,-13.06,
07/06/2024,07/08/2024,WILKLOW ORCHARDS LLC,Groceries,Sale,-13.00,
07/06/2024,07/07/2024,SQ *HUNGRY GHOST COFFEE,Food & Drink,Sale,-12.35,
07/06/2024,07/07/2024,SQ *S&amp;SO PRODUCE FARMS LL,Groceries,Sale,-16.00,
07/06/2024,07/07/2024,OPTICONTACTS.COM,Health & Wellness,Sale,-360.55,
07/05/2024,07/07/2024,SQ *HUNGRY GHOST COFFEE,Food & Drink,Sale,-14.03,
07/06/2024,07/07/2024,ELLY'S MARKET,Groceries,Sale,-7.68,
07/04/2024,07/07/2024,TEN COLORS NAIL,Personal,Sale,-64.50,
07/04/2024,07/05/2024,FULTON FOOD,Groceries,Sale,-14.27,
07/04/2024,07/05/2024,ROGERS ******8801,Bills & Utilities,Sale,-37.02,
07/04/2024,07/05/2024,SQ *HUNGRY GHOST COFFEE,Food & Drink,Sale,-20.03,
07/04/2024,07/05/2024,TARGET        00018499,Shopping,Sale,-150.84,
07/03/2024,07/05/2024,WENDY'S RESTAURANT,Food & Drink,Sale,-15.14,
07/03/2024,07/04/2024,GOOGLE *Google Storage,Shopping,Sale,-2.11,
07/01/2024,07/02/2024,TJ MAXX #826,Shopping,Sale,-35.70,
07/01/2024,07/02/2024,TARGET        00012609,Shopping,Sale,-53.81,
06/30/2024,07/01/2024,KFC H495016,Food & Drink,Sale,-10.91,
06/30/2024,07/01/2024,ALOHI  * FAXPLUS,Bills & Utilities,Sale,-8.99,
06/27/2024,06/30/2024,WENDY'S #3074,Food & Drink,Sale,-27.69,
06/28/2024,06/30/2024,SHOPRITE STROUDSBURG S,Groceries,Sale,-110.92,
06/29/2024,06/30/2024,SQ *CAFE DUET,Food & Drink,Sale,-9.34,
06/29/2024,06/30/2024,SQ *APPLE RIDGE FARM,Groceries,Sale,-20.70,
06/28/2024,06/30/2024,SHOPRITE STROUDSBURG S,Groceries,Sale,-22.24,
06/27/2024,06/30/2024,AIR CAN*    0144269104895,Travel,Sale,-26.93,
06/27/2024,06/30/2024,AIR CAN*    0144269104898,Travel,Sale,-26.92,
06/27/2024,06/30/2024,AIR CAN*    0144269104897,Travel,Sale,-26.92,
06/27/2024,06/28/2024,UBER CANADA/UBERTRIP,Travel,Sale,-5.86,
06/26/2024,06/28/2024,COMPASS ACCOUNT,Travel,Sale,-2.31,
06/26/2024,06/28/2024,REXALL POST OFFICE #7163,Personal,Sale,-1.60,
06/27/2024,06/28/2024,UBER CANADA/UBERTRIP,Travel,Sale,-39.66,
06/26/2024,06/27/2024,Small Victory Bakery,Food & Drink,Sale,-12.33,
06/25/2024,06/27/2024,CBP BLAINE PAC HWY,Bills & Utilities,Sale,-56.00,
06/26/2024,06/27/2024,HERTZ RENT A CAR,Travel,Sale,-6.02,
06/25/2024,06/27/2024,SHELL C01014,Gas,Sale,-25.86,
06/27/2024,06/27/2024,SQ *JJ BEAN COFFEE ROASTE,Food & Drink,Sale,-16.86,
06/25/2024,06/27/2024,LYFT   *1 RIDE 06-25,Travel,Sale,-6.37,
06/24/2024,06/26/2024,REAL CDN SUPERSTORE #1,Groceries,Sale,-23.87,
06/25/2024,06/26/2024,MONTGOMERYS COTTAGE LUNCH,Food & Drink,Sale,-23.08,
06/25/2024,06/26/2024,49TH PARALLEL ROASTERS,Food & Drink,Sale,-10.63,
06/25/2024,06/26/2024,SPANISH BANKS EAST CONCES,Gifts & Donations,Sale,-12.95,
06/26/2024,06/26/2024,SQ *LEE'S DONUTS GRANVILL,Food & Drink,Sale,-7.16,
06/25/2024,06/26/2024,EASY PARK-CP80,Travel,Sale,-2.20,
06/24/2024,06/25/2024,SQ *SINGLE V COFFEE,Groceries,Sale,-9.98,
06/24/2024,06/25/2024,TIM HORTONS #3952,Food & Drink,Sale,-6.29,
06/24/2024,06/25/2024,HERTZ #0175315,Travel,Sale,-33.57,
06/24/2024,06/25/2024,BURNABY PRCS BON,Bills & Utilities,Sale,-4.68,
06/23/2024,06/25/2024,WHITE SPOT 151,Food & Drink,Sale,-49.02,
06/23/2024,06/25/2024,AIR CAN*    0144268857640,Travel,Sale,-76.94,
06/23/2024,06/25/2024,AIR CAN*    0144268857639,Travel,Sale,-76.94,
06/24/2024,06/25/2024,LYFT   *1 RIDE 06-23,Travel,Sale,-7.18,
06/23/2024,06/25/2024,AIR CAN*    0142199083047,Travel,Sale,-0.02,
06/23/2024,06/25/2024,AIR CAN*    0142199083046,Travel,Sale,-0.07,
06/23/2024,06/25/2024,AIR CAN*    0142199083045,Travel,Sale,-0.07,
06/23/2024,06/24/2024,MR.MUSTACHE TEA &amp; DESSERT,Food & Drink,Sale,-5.30,
06/23/2024,06/24/2024,ELU WELLNESS,Health & Wellness,Sale,-111.36,
06/22/2024,06/24/2024,HERTZ RENT A CAR,Travel,Sale,-5.75,
06/21/2024,06/23/2024,DONAIR DELIGHT,Food & Drink,Sale,-12.20,
06/22/2024,06/23/2024,Small Victory Bakery,Food & Drink,Sale,-22.46,
06/22/2024,06/23/2024,CINEPLEX 8030 WEB QPS,Entertainment,Sale,-27.27,
06/21/2024,06/23/2024,SHOPPERS DRUG MART #24,Health & Wellness,Sale,-10.23,
06/21/2024,06/23/2024,SHOPPERS DRUG MART #24,Health & Wellness,Sale,-60.47,
06/21/2024,06/23/2024,PIZZA PIZZA # 575,Food & Drink,Sale,-3.29,
06/20/2024,06/23/2024,REAL CDN SUPERSTORE #1,Groceries,Sale,-11.37,
06/23/2024,06/23/2024,SQ *COCO FRESH TEA &amp; JUIC,Food & Drink,Sale,-4.86,
06/23/2024,06/23/2024,FAMOUS PLAYER 1408QPS,Entertainment,Sale,-11.61,
06/21/2024,06/21/2024,AUTOMATIC PAYMENT - THANK,,Payment,4366.53,
06/19/2024,06/21/2024,REAL CDN SUPERSTORE #1,Groceries,Sale,-34.06,
06/19/2024,06/21/2024,BROOKE RADIOLOGY,Health & Wellness,Sale,-21.89,
06/20/2024,06/21/2024,SQ *SINGLE V COFFEE,Groceries,Sale,-9.58,
06/19/2024,06/20/2024,SQ *SINGLE V COFFEE,Groceries,Sale,-8.81,
06/18/2024,06/20/2024,SAVE ON FOODS #2225,Groceries,Sale,-7.22,
06/19/2024,06/20/2024,BURNABY PRCS BON,Bills & Utilities,Sale,-4.67,
06/18/2024,06/20/2024,DONAIR DELIGHT,Food & Drink,Sale,-12.17,
06/19/2024,06/20/2024,SQ *COCO FRESH TEA &amp; JUIC,Food & Drink,Sale,-4.85,
06/19/2024,06/20/2024,nuuly.com,Shopping,Sale,-98.00,
06/17/2024,06/19/2024,SAVE ON FOODS #2225,Groceries,Sale,-9.93,
06/18/2024,06/18/2024,Prime Video Channels,Shopping,Sale,-9.99,
06/17/2024,06/18/2024,HERTZ #0777609,Travel,Sale,-31.34,
06/14/2024,06/17/2024,DONAIR DELIGHT,Food & Drink,Sale,-12.15,
06/16/2024,06/17/2024,GREEN BASIL RESTAURANT,Food & Drink,Sale,-24.79,
06/13/2024,06/16/2024,REAL CDN SUPERSTORE #1,Groceries,Sale,-29.55,
06/14/2024,06/16/2024,PRICESMART FOODS #2281,Groceries,Sale,-6.49,
06/15/2024,06/16/2024,UBER CANADA/UBERTRIP,Travel,Sale,-10.57,
06/14/2024,06/16/2024,REAL CDN SUPERSTORE #1,Groceries,Sale,-27.30,
06/13/2024,06/14/2024,SQ *SINGLE V COFFEE,Groceries,Sale,-8.06,
06/13/2024,06/14/2024,YOGEN FRUZ METRO TOWN,Food & Drink,Sale,-4.95,
06/12/2024,06/14/2024,CENTRAL PARK GOLF 6,Bills & Utilities,Sale,-10.69,
06/11/2024,06/13/2024,REAL CDN SUPERSTORE #1,Groceries,Sale,-16.54,
06/11/2024,06/13/2024,PRICESMART FOODS #2281,Groceries,Sale,-6.47,
06/11/2024,06/13/2024,SAVE ON FOODS #2225,Groceries,Sale,-15.05,
06/12/2024,06/13/2024,SQ *JJ BEAN COFFEE ROASTE,Food & Drink,Sale,-4.84,
06/10/2024,06/12/2024,CENTRAL PARK GOLF 6,Bills & Utilities,Sale,-10.76,
06/10/2024,06/12/2024,SAVE ON FOODS #2225,Groceries,Sale,-27.01,
06/10/2024,06/12/2024,DONAIR DELIGHT,Food & Drink,Sale,-16.70,
06/10/2024,06/12/2024,HIFIVE CHICKEN,Food & Drink,Sale,-6.14,
06/10/2024,06/12/2024,SAVE ON FOODS #2225,Groceries,Sale,-6.92,
06/09/2024,06/10/2024,GREEN BASIL RESTAURANT,Food & Drink,Sale,-50.74,
06/10/2024,06/10/2024,SQ *SOFT PEAKS ICE CREAM,Food & Drink,Sale,-4.42,
06/05/2024,06/10/2024,BRENTWOOD MEDICAL CLINIC,Health & Wellness,Sale,-91.79,
06/07/2024,06/09/2024,BURNABY PRCS BVM,Bills & Utilities,Sale,-3.87,
06/07/2024,06/09/2024,BBY VILLAGE MUSEUM/RSTR,Food & Drink,Sale,-10.53,
06/08/2024,06/09/2024,UBER CANADA/UBERTRIP,Travel,Sale,-7.65,
06/06/2024,06/09/2024,REAL CDN SUPERSTORE #1,Groceries,Sale,-27.19,
06/07/2024,06/09/2024,LYFT   *1 RIDE 06-07,Travel,Sale,-9.51,
06/07/2024,06/09/2024,JANG MO JIB METROTOWN,Food & Drink,Sale,-69.30,
06/08/2024,06/09/2024,SQ *JJ BEAN COFFEE ROASTE,Food & Drink,Sale,-3.76,
06/06/2024,06/09/2024,HIFIVE CHICKEN,Food & Drink,Sale,-6.91,
06/05/2024,06/07/2024,COMPASS ACCOUNT,Travel,Sale,-2.31,
06/05/2024,06/07/2024,CENTRAL PARK GOLF 6,Bills & Utilities,Sale,-2.38,
06/06/2024,06/07/2024,NewBalance.ca,Shopping,Sale,-106.91,
06/05/2024,06/07/2024,COMPASS ACCOUNT,Travel,Sale,-2.31,
06/05/2024,06/07/2024,CENTRAL PARK GOLF 6,Bills & Utilities,Sale,-10.79,
06/04/2024,06/06/2024,SAVE ON FOODS #2225,Groceries,Sale,-36.44,
06/05/2024,06/06/2024,Good Taco,Food & Drink,Sale,-14.58,
06/04/2024,06/06/2024,CHEERRY'S,Food & Drink,Sale,-6.17,
06/03/2024,06/05/2024,REAL CDN SUPERSTORE #1,Groceries,Sale,-4.90,
06/03/2024,06/05/2024,REAL CDN SUPERSTORE #1,Groceries,Return,75.75,
06/03/2024,06/04/2024,AMZN Mktp US*KR1SV3K93,Shopping,Sale,-133.93,
06/03/2024,06/04/2024,ROGERS ******8801,Bills & Utilities,Sale,-37.02,
06/03/2024,06/04/2024,AMZN Mktp US*437FI1WV3,Shopping,Sale,-58.78,
06/03/2024,06/04/2024,GOOGLE *Google Storage,Shopping,Sale,-2.11,
06/01/2024,06/03/2024,HIFIVE CHICKEN,Food & Drink,Sale,-6.16,
06/01/2024,06/03/2024,REAL CDN SUPERSTORE #1,Groceries,Sale,-36.91,
06/03/2024,06/03/2024,ETSY  INC.,Shopping,Sale,-58.40,
05/30/2024,06/02/2024,SAVE ON FOODS #2225,Groceries,Sale,-15.15,
06/01/2024,06/02/2024,SQ *SHINY TEA - CRYSTAL M,Food & Drink,Sale,-4.39,
05/31/2024,06/02/2024,SAVE ON FOODS #2225,Groceries,Sale,-4.50,
06/01/2024,06/02/2024,BURNABY PRCS BON,Bills & Utilities,Sale,-2.55,
06/01/2024,06/02/2024,HA CAFE VIETNAMESE RESTAU,Food & Drink,Sale,-29.18,
05/30/2024,06/02/2024,SAVE ON FOODS #2225,Groceries,Sale,-1.81,
05/29/2024,05/31/2024,SAVE ON FOODS #2225,Groceries,Sale,-10.99,
05/29/2024,05/31/2024,SHOPPERS DRUG MART #24,Health & Wellness,Sale,-10.68,
05/29/2024,05/31/2024,SAVE ON FOODS #2225,Groceries,Sale,-1.81,
05/29/2024,05/30/2024,AMZN Mktp US*QT1YT3R53,Shopping,Sale,-51.37,
05/28/2024,05/30/2024,LYFT   *1 RIDE 05-28,Travel,Sale,-6.43,
05/28/2024,05/30/2024,PRICESMART FOODS #2281,Groceries,Sale,-9.84,
05/27/2024,05/30/2024,BOOSTER JUICE # 303,Food & Drink,Sale,-5.80,
05/29/2024,05/30/2024,AMZN Mktp US*XR6F35IW3,Shopping,Sale,-3.32,
05/27/2024,05/29/2024,REAL CDN SUPERSTORE #1,Groceries,Sale,-53.02,
05/28/2024,05/29/2024,UBER* TRIP,Travel,Sale,-7.35,
05/27/2024,05/28/2024,SQ *JJ BEAN COFFEE ROASTE,Food & Drink,Sale,-7.54,
05/27/2024,05/28/2024,TRACE OF BEAUTY,Personal,Sale,-92.34,
05/26/2024,05/28/2024,CACTUS CLUB STATION SQ,Food & Drink,Sale,-67.37,
05/27/2024,05/28/2024,BURNABY PRCS BON,Bills & Utilities,Sale,-4.69,
05/25/2024,05/27/2024,SQ *JJ BEAN COFFEE ROASTE,Food & Drink,Sale,-8.31,
05/25/2024,05/27/2024,SAVE ON FOODS #2225,Groceries,Sale,-6.14,
05/26/2024,05/27/2024,BURNABY PRCS BON,Bills & Utilities,Sale,-5.85,
05/26/2024,05/27/2024,BURNABY PRCS BON,Bills & Utilities,Sale,-45.86,
05/25/2024,05/27/2024,REAL CDN SUPERSTORE #1,Groceries,Sale,-132.39,
05/23/2024,05/26/2024,TOKYO MAZESOBA METRO,Food & Drink,Sale,-24.62,
05/24/2024,05/26/2024,SAVE ON FOODS #2225,Groceries,Sale,-20.95,
05/22/2024,05/24/2024,REAL CDN SUPERSTORE #1,Groceries,Sale,-57.31,
05/23/2024,05/24/2024,SQ *JJ BEAN COFFEE ROASTE,Food & Drink,Sale,-7.69,
05/22/2024,05/23/2024,Uber one,Travel,Sale,-0.37,
05/22/2024,05/23/2024,LYFT   *2 RIDES 05-21,Travel,Sale,-27.48,
05/22/2024,05/23/2024,HAWKSWORTH RESTAURANT,Food & Drink,Sale,-214.80,
05/21/2024,05/23/2024,PRICESMART FOODS #2281,Groceries,Sale,-44.40,
05/22/2024,05/22/2024,AUTOMATIC PAYMENT - THANK,,Payment,6224.79,
05/20/2024,05/22/2024,SAVE ON FOODS #2225,Groceries,Sale,-59.35,
05/20/2024,05/22/2024,REXALL PHARMACY #7163,Health & Wellness,Sale,-27.11,
05/20/2024,05/21/2024,SQ *JJ BEAN COFFEE ROASTE,Food & Drink,Sale,-8.50,
05/18/2024,05/20/2024,REAL CDN SUPERSTORE #1,Groceries,Sale,-37.21,
05/19/2024,05/20/2024,SQ *JJ BEAN COFFEE ROASTE,Food & Drink,Sale,-8.72,
05/18/2024,05/20/2024,POT EMPIRE,Food & Drink,Sale,-42.82,
05/17/2024,05/20/2024,A TASTE OF UKRAINE CATERI,Groceries,Sale,-12.50,
05/16/2024,05/19/2024,COMPASS ACCOUNT,Travel,Sale,-2.13,
05/18/2024,05/19/2024,PANDA CLINIC,Personal,Sale,-88.25,
05/18/2024,05/19/2024,SQ *JJ BEAN COFFEE ROASTE,Food & Drink,Sale,-8.34,
05/19/2024,05/19/2024,AMZN Mktp CA*927M71A63,Bills & Utilities,Sale,-24.70,
05/18/2024,05/19/2024,AMZN Mktp CA*JM09G2O63,Bills & Utilities,Sale,-20.41,
05/16/2024,05/19/2024,COMPASS ACCOUNT,Travel,Sale,-4.56,
05/16/2024,05/19/2024,THEIR THERE,Food & Drink,Sale,-19.47,
05/17/2024,05/19/2024,BROOKE RADIOLOGY,Health & Wellness,Sale,-169.28,
05/17/2024,05/19/2024,PUR&amp;SIMPLE BURNABY,Food & Drink,Sale,-64.86,
05/16/2024,05/17/2024,49TH PARALLEL ROASTERS,Food & Drink,Sale,-8.23,
05/16/2024,05/17/2024,BORDERFREE 4940,Shopping,Sale,-120.24,
05/15/2024,05/17/2024,PRICESMART FOODS #2281,Groceries,Sale,-5.87,
05/15/2024,05/17/2024,REAL CDN SUPERSTORE #1,Groceries,Sale,-172.03,
05/15/2024,05/16/2024,A&amp;W SKYTRAIN #726,Food & Drink,Sale,-3.31,
05/15/2024,05/16/2024,SQ *JJ BEAN COFFEE ROASTE,Food & Drink,Sale,-8.73,
05/16/2024,05/16/2024,PROSE* PROSE R24516202,Shopping,Sale,-46.99,
05/15/2024,05/16/2024,TOYS R US #2411,Shopping,Sale,-65.02,
05/14/2024,05/16/2024,SAVE ON FOODS #2225,Groceries,Sale,-54.75,
05/14/2024,05/15/2024,PACIFIC BLUE CROSS,Bills & Utilities,Sale,-219.24,
05/13/2024,05/14/2024,HA CAFE VIETNAMESE RESTAU,Food & Drink,Sale,-35.79,
05/13/2024,05/14/2024,SQ *ELU WELLNESS,Health & Wellness,Sale,-111.69,
05/11/2024,05/14/2024,BLISS CAFE,Food & Drink,Sale,-4.59,
05/11/2024,05/13/2024,SAVE ON FOODS #2225,Groceries,Sale,-82.52,
05/11/2024,05/13/2024,SAVE ON FOODS #2225,Groceries,Sale,-1.81,
05/12/2024,05/13/2024,MARBLE HOUSE EATERY,Food & Drink,Sale,-60.91,
05/09/2024,05/13/2024,BRENTWOOD MEDICAL CLINIC,Health & Wellness,Sale,-91.18,
05/11/2024,05/13/2024,SAVE ON FOODS #2225,Groceries,Sale,-26.70,
05/12/2024,05/13/2024,SQ *JJ BEAN COFFEE ROASTE,Food & Drink,Sale,-9.43,
05/11/2024,05/12/2024,SQ *JJ BEAN COFFEE ROASTE,Food & Drink,Sale,-7.94,
05/12/2024,05/12/2024,Uniqlo Canada,Shopping,Sale,-226.45,
05/09/2024,05/12/2024,COMPASS ACCOUNT,Travel,Sale,-2.30,
05/11/2024,05/12/2024,Body Balance Bar,Food & Drink,Sale,-32.77,
05/09/2024,05/12/2024,LYFT   *1 RIDE 05-09,Travel,Sale,-8.02,
05/10/2024,05/10/2024,SP NISOLO,Shopping,Sale,-29.19,
05/08/2024,05/10/2024,SAVE ON FOODS #2225,Groceries,Sale,-36.28,
05/08/2024,05/10/2024,COMPASS ACCOUNT,Travel,Sale,-2.31,
05/08/2024,05/10/2024,COMPASS ACCOUNT,Travel,Sale,-2.31,
05/08/2024,05/10/2024,LYFT   *1 RIDE 05-08,Travel,Sale,-8.67,
05/08/2024,05/10/2024,DONAIR DELIGHT,Food & Drink,Sale,-34.88,
05/08/2024,05/09/2024,Small Victory Bakery,Food & Drink,Sale,-13.07,
05/07/2024,05/09/2024,SAVE ON FOODS #2225,Groceries,Sale,-11.64,
05/07/2024,05/09/2024,TIM HORTONS #5867,Food & Drink,Sale,-3.39,
05/06/2024,05/08/2024,PRICESMART FOODS #2281,Groceries,Sale,-15.59,
05/07/2024,05/08/2024,AMZN Mktp US*UV12P04T3,Shopping,Sale,-119.80,
05/06/2024,05/08/2024,PRICESMART FOODS #2281,Groceries,Sale,-88.71,
05/06/2024,05/08/2024,SAVE ON FOODS #2225,Groceries,Sale,-29.82,
05/05/2024,05/07/2024,BC LIQUOR #203,Food & Drink,Sale,-62.60,
05/07/2024,05/07/2024,MEJURI.COM,Shopping,Sale,-310.27,
05/05/2024,05/07/2024,SAVE ON FOODS #2225,Groceries,Sale,-10.45,
05/06/2024,05/07/2024,PERFECT BODY,Shopping,Sale,-53.04,
05/05/2024,05/07/2024,LYFT   *1 RIDE 05-05,Travel,Sale,-15.38,
05/04/2024,05/05/2024,HA CAFE VIETNAMESE RESTAU,Food & Drink,Sale,-33.59,
05/04/2024,05/05/2024,SQ *COCO FRESH TEA &amp; JUIC,Food & Drink,Sale,-5.71,
05/02/2024,05/05/2024,DONAIR DELIGHT,Food & Drink,Sale,-19.09,
05/02/2024,05/05/2024,DRIVER SERV.CENTRE #92269,Bills & Utilities,Sale,-12.44,
05/02/2024,05/05/2024,BLISS CAFE,Food & Drink,Sale,-13.31,
05/03/2024,05/05/2024,REAL CDN SUPERSTORE #1,Groceries,Sale,-70.86,
05/04/2024,05/05/2024,ROGERS ******8801,Bills & Utilities,Sale,-38.28,
05/03/2024,05/05/2024,GOOGLE *Google Storage,Shopping,Sale,-2.11,
05/03/2024,05/05/2024,SQ *JJ BEAN COFFEE ROASTE,Food & Drink,Sale,-10.07,
05/02/2024,05/05/2024,REAL CDN SUPERSTORE #1,Groceries,Sale,-45.54,
05/03/2024,05/05/2024,POKERRITO - STATION SQUAR,Food & Drink,Sale,-24.51,
05/02/2024,05/03/2024,CHV43104 IMPERIAL CHEV,Gas,Sale,-3.66,
05/02/2024,05/03/2024,CHV43104 IMPERIAL CHEV,Gas,Sale,-3.66,
05/02/2024,05/03/2024,CHV43104 IMPERIAL CHEV,Gas,Sale,-1.70,
05/02/2024,05/03/2024,CHV43104 IMPERIAL CHEV,Gas,Sale,-2.93,
05/02/2024,05/03/2024,SQ *GHOSTARMOR METRO,Shopping,Sale,-25.36,
05/02/2024,05/03/2024,T&amp;T SUPERMARKET #001,Groceries,Sale,-9.72,
05/01/2024,05/03/2024,IMPARK00010644U,Travel,Sale,-6.20,
04/29/2024,05/02/2024,BLISS CAFE,Food & Drink,Sale,-18.12,
05/01/2024,05/02/2024,SQ *JJ BEAN COFFEE ROASTE,Food & Drink,Sale,-9.19,
05/01/2024,05/02/2024,AIRALO,Shopping,Sale,-15.00,
04/30/2024,05/02/2024,SAVE ON FOODS #2225,Groceries,Sale,-17.48,
04/30/2024,05/02/2024,SAVE ON FOODS #2225,Groceries,Sale,-67.82,
05/01/2024,05/02/2024,CAFFE ARTIGIANO SHIPYARDS,Food & Drink,Sale,-3.49,
05/01/2024,05/02/2024,HONEY DOUGHNUTS AND GO,Food & Drink,Sale,-12.07,
05/01/2024,05/02/2024,TST-Arms Reach Bistro,Food & Drink,Sale,-73.38,
04/29/2024,05/01/2024,REAL CDN SUPERSTORE #1,Groceries,Sale,-23.05,
04/29/2024,05/01/2024,SAVE ON FOODS #2225,Groceries,Sale,-14.20,
04/29/2024,05/01/2024,AVIS.CA,Travel,Sale,-40.35,
04/28/2024,04/30/2024,SAVE ON FOODS #2225,Groceries,Sale,-26.00,
04/29/2024,04/30/2024,POKERRITO - STATION SQUAR,Food & Drink,Sale,-30.46,
04/29/2024,04/30/2024,SQ *JJ BEAN COFFEE ROASTE,Food & Drink,Sale,-8.86,
04/28/2024,04/30/2024,SAVE ON FOODS #2225,Groceries,Sale,-1.60,
04/27/2024,04/29/2024,DONAIR DELIGHT,Food & Drink,Sale,-24.48,
04/28/2024,04/29/2024,SQ *JJ BEAN COFFEE ROASTE,Food & Drink,Sale,-8.32,
04/27/2024,04/29/2024,PIZZA PIZZA # 575,Food & Drink,Sale,-4.62,
04/27/2024,04/29/2024,TIM HORTONS #5867,Food & Drink,Sale,-1.48,
04/27/2024,04/29/2024,SAVE ON FOODS #2225,Groceries,Sale,-8.50,
04/28/2024,04/29/2024,PANDA CLINIC,Personal,Sale,-88.02,
04/27/2024,04/29/2024,REXALL PHARMACY #7163,Health & Wellness,Sale,-10.72,
04/26/2024,04/28/2024,DONAIR DELIGHT,Food & Drink,Sale,-16.82,
04/26/2024,04/28/2024,CHRONIC TACOS METROTOWN,Food & Drink,Sale,-10.40,
04/26/2024,04/28/2024,SQ *JJ BEAN COFFEE ROASTE,Food & Drink,Sale,-13.42,
04/27/2024,04/28/2024,SQ *WALK IN,Health & Wellness,Sale,-62.35,
04/27/2024,04/28/2024,AMZN Mktp CA*AN93O48J3,Bills & Utilities,Sale,-44.06,
04/26/2024,04/28/2024,REAL CDN SUPERSTORE #1,Groceries,Sale,-6.62,
04/26/2024,04/28/2024,PRICESMART FOODS #2281,Groceries,Sale,-23.40,
04/25/2024,04/28/2024,SAVE ON FOODS #2225,Groceries,Sale,-46.80,
04/25/2024,04/28/2024,BLISS CAFE,Food & Drink,Sale,-23.06,
04/27/2024,04/28/2024,SQ *JJ BEAN COFFEE ROASTE,Food & Drink,Sale,-12.25,
04/27/2024,04/28/2024,TOYS R US #2411,Shopping,Sale,-51.54,
04/24/2024,04/26/2024,TOKYO MAZESOBA METRO,Food & Drink,Sale,-45.76,
04/24/2024,04/26/2024,PRICESMART FOODS #2281,Groceries,Sale,-45.68,
04/24/2024,04/25/2024,AIR CANADA  0144265137656,Travel,Sale,-35.00,
04/23/2024,04/25/2024,SAVE ON FOODS #2225,Groceries,Sale,-45.87,
04/24/2024,04/25/2024,AIR CANADA  0144265137659,Travel,Sale,-50.00,
04/24/2024,04/25/2024,AIR CANADA  0144265137658,Travel,Sale,-35.00,
04/24/2024,04/25/2024,AIR CANADA  0144265137657,Travel,Sale,-35.00,
04/23/2024,04/24/2024,DOLLAR  #0052417,Travel,Sale,-379.82,
04/24/2024,04/24/2024,SQ *TAXI @YVR,Travel,Sale,-53.28,
04/23/2024,04/24/2024,Carts SFO SmarteCarte 111,Home,Sale,-8.00,
04/23/2024,04/24/2024,Carts SFO SmarteCarte 111,Home,Sale,-8.00,
04/22/2024,04/23/2024,Uber one,Travel,Sale,-3.68,
04/21/2024,04/23/2024,SAFEWAY #0950,Groceries,Sale,-28.95,
04/21/2024,04/23/2024,SAFEWAY #0950,Groceries,Sale,-3.99,
04/21/2024,04/23/2024,STEWARDS OF THE COAST AND,Shopping,Sale,-10.00,
04/21/2024,04/23/2024,STEWARDS OF THE COAST AND,Shopping,Sale,-10.00,
04/22/2024,04/22/2024,AUTOMATIC PAYMENT - THANK,,Payment,4668.44,
04/21/2024,04/22/2024,SQ *PATS INTERNATIONAL,Food & Drink,Sale,-85.77,
04/18/2024,04/21/2024,TST* LITTLE SAINT,Food & Drink,Sale,-261.23,
04/20/2024,04/21/2024,RIVERS END RESTAURANT &amp; I,Food & Drink,Sale,-232.05,
04/20/2024,04/21/2024,SQ *LIGHTWAVE COFFEE AND,Food & Drink,Sale,-67.07,
04/18/2024,04/21/2024,SAFEWAY #0950,Groceries,Sale,-25.82,
04/19/2024,04/21/2024,SQ *THE ALTAMONT GENERAL,Food & Drink,Sale,-14.53,
04/19/2024,04/21/2024,SQ *THE ALTAMONT GENERAL,Food & Drink,Sale,-39.95,
04/17/2024,04/19/2024,GONNELLA`S COUNTRY MARKET,Groceries,Sale,-31.23,
04/18/2024,04/19/2024,SQ *NIGHTINGALE BREADS,Food & Drink,Sale,-79.00,
04/17/2024,04/18/2024,MOLLIE STONES #6,Groceries,Sale,-14.99,
04/17/2024,04/18/2024,PEET'S #01802,Food & Drink,Sale,-3.25,
04/17/2024,04/18/2024,SQ *ROYAL DONUT,Food & Drink,Sale,-36.80,
04/16/2024,04/18/2024,FIVE GUYS CA 1370 QSR,Food & Drink,Sale,-9.31,
04/16/2024,04/17/2024,PEET'S #01802,Food & Drink,Sale,-10.95,
04/16/2024,04/17/2024,AMZN Mktp US*UT3N471J3,Shopping,Sale,-6.41,
04/15/2024,04/17/2024,SAFEWAY #1547,Groceries,Sale,-60.98,
04/15/2024,04/17/2024,FIVE GUYS CA 1370 QSR,Food & Drink,Sale,-10.40,
04/15/2024,04/16/2024,SQ *PHILZ COFFEE,Food & Drink,Sale,-10.25,
04/14/2024,04/16/2024,SAFEWAY #1547,Groceries,Sale,-6.67,
04/14/2024,04/16/2024,FIVE GUYS CA 1370 QSR,Food & Drink,Sale,-10.40,
04/14/2024,04/16/2024,SAFEWAY #1547,Groceries,Sale,-51.48,
04/15/2024,04/15/2024,AMZN Mktp US*0I1NL1VS3,Shopping,Sale,-17.99,
04/13/2024,04/15/2024,CROWNE PLAZA,Travel,Return,35.36,
04/13/2024,04/15/2024,HABIT FOSTER CITY #186,Food & Drink,Sale,-31.91,
04/13/2024,04/15/2024,CROWNE PLAZA,Travel,Sale,-429.46,
04/14/2024,04/15/2024,SQ *BUSY LIZZY?S BAKED GO,Food & Drink,Sale,-27.30,
04/13/2024,04/15/2024,TARGET        00011221,Shopping,Sale,-150.60,
04/11/2024,04/15/2024,ALLYS SHOP,Shopping,Sale,-10.78,
04/14/2024,04/15/2024,SQ *LITTLE SKY BAKERY ? B,Groceries,Sale,-6.00,
04/14/2024,04/15/2024,SEPHORA BURLINGAME,Shopping,Sale,-307.83,
04/15/2024,04/15/2024,JOE  THE JUICE NEW YORK,Food & Drink,Sale,-16.46,
04/11/2024,04/14/2024,UBER FORMOSA CO LTD,Travel,Sale,-5.11,
04/12/2024,04/14/2024,UBER FORMOSA CO LTD,Travel,Sale,-0.62,
04/11/2024,04/14/2024,CROWNE PLAZA,Travel,Sale,-9.00,
04/13/2024,04/14/2024,AIRALO,Shopping,Sale,-8.00,
04/11/2024,04/12/2024,I-MEI,Shopping,Sale,-1.55,
04/11/2024,04/12/2024,ANGEL BABY,Shopping,Sale,-10.87,
04/11/2024,04/12/2024,LOUISA COFFEE,Food & Drink,Sale,-3.88,
04/10/2024,04/12/2024,WELLCOME-D4,Groceries,Sale,-8.40,
04/11/2024,04/12/2024,I-MEI,Shopping,Sale,-11.49,
04/10/2024,04/12/2024,TAIWAN FAMILYMART CO. LTD,Personal,Sale,-6.78,
04/11/2024,04/12/2024,SHEN HENG CHANG  00264,Shopping,Sale,-21.74,
04/10/2024,04/11/2024,UBER FORMOSA CO LTD,Travel,Sale,-5.09,
04/10/2024,04/11/2024,UBER FORMOSA CO LTD,Travel,Sale,-0.62,
04/09/2024,04/11/2024,TAIWAN FAMILYMART CO. LTD,Personal,Sale,-3.09,
04/10/2024,04/11/2024,LOUISA COFFEE,Food & Drink,Sale,-7.18,
04/09/2024,04/11/2024,TAIWAN FAMILYMART CO. LTD,Personal,Sale,-3.02,
04/10/2024,04/11/2024,TWGLOBAL MALL,Food & Drink,Sale,-5.62,
04/09/2024,04/11/2024,SEN AN,Personal,Sale,-83.08,
04/09/2024,04/11/2024,Design Pin,Shopping,Sale,-79.81,
04/10/2024,04/11/2024,UBER FORMOSA CO LTD,Travel,Sale,-9.22,
04/10/2024,04/11/2024,UBER FORMOSA CO LTD,Travel,Sale,-6.46,
04/10/2024,04/11/2024,TWGLOBAL MALL,Food & Drink,Sale,-5.93,
04/10/2024,04/11/2024,SMILES ON SMILES DENTAL,Health & Wellness,Sale,-1599.20,
04/10/2024,04/11/2024,TWGLOBAL MALL,Food & Drink,Sale,-4.22,
04/09/2024,04/10/2024,UBER FORMOSA CO LTD,Travel,Sale,-7.40,
04/09/2024,04/10/2024,SUNNY HILLS,Groceries,Sale,-18.71,
04/09/2024,04/10/2024,THE ESLITE SPECTRUM,Shopping,Sale,-7.64,
04/09/2024,04/10/2024,HALOES HAIR SALON,Personal,Sale,-155.88,
04/08/2024,04/10/2024,TAIWAN FAMILYMART CO. LTD,Personal,Sale,-5.42,
04/09/2024,04/10/2024,SHIN KONG MITSUKOSHI DEPA,Food & Drink,Sale,-153.63,
04/09/2024,04/10/2024,SUNNY HILLS,Groceries,Sale,-18.71,
04/09/2024,04/10/2024,THE ESLITE SPECTRUM,Shopping,Sale,-5.92,
04/06/2024,04/09/2024,7-11,Groceries,Sale,-3.21,
04/07/2024,04/09/2024,HAO WEI CHUAN SHIH CHI,Shopping,Sale,-5.92,
04/07/2024,04/09/2024,7-11,Groceries,Sale,-8.04,
04/08/2024,04/09/2024,UBER FORMOSA CO LTD,Travel,Sale,-6.89,
04/05/2024,04/09/2024,YiPay  *Sparadise,Personal,Sale,-118.65,
04/05/2024,04/08/2024,TAIWAN FAMILYMART CO. LTD,Personal,Sale,-11.37,
04/04/2024,04/08/2024,TAIWAN FAMILYMART CO. LTD,Personal,Sale,-1.87,
04/05/2024,04/08/2024,COSMED,Shopping,Sale,-5.59,
04/05/2024,04/08/2024,Great Tree Pharmacy Co. ,Health & Wellness,Sale,-40.93,
04/03/2024,04/08/2024,ACpay Co.  Ltd.,Food & Drink,Sale,-3.12,
04/03/2024,04/08/2024,7-11,Groceries,Sale,-5.56,
04/02/2024,04/08/2024,7-11,Groceries,Sale,-9.33,
04/05/2024,04/08/2024,EARTH TREE,Shopping,Sale,-117.40,
04/07/2024,04/08/2024,750014RT-Mart,Groceries,Sale,-20.74,
04/03/2024,04/08/2024,TAIWAN FAMILYMART CO. LTD,Personal,Sale,-5.34,
04/04/2024,04/08/2024,COSMED,Shopping,Sale,-21.14,
04/07/2024,04/08/2024,UBER FORMOSA CO LTD,Travel,Sale,-11.77,
04/06/2024,04/08/2024,TAIWAN FAMILYMART CO. LTD,Personal,Sale,-6.95,
04/04/2024,04/08/2024,TAIWAN FAMILYMART CO. LTD,Personal,Sale,-1.84,
04/04/2024,04/07/2024,TAI WAN MA TOU TSAN,Food & Drink,Sale,-35.04,
04/06/2024,04/07/2024,gonna Eat   Read,Food & Drink,Sale,-37.69,
04/06/2024,04/07/2024,TAPPAY,Food & Drink,Sale,-3.89,
04/04/2024,04/05/2024,xing guang,Health & Wellness,Sale,-62.45,
04/04/2024,04/05/2024,Organic Health Group Limi,Food & Drink,Sale,-14.05,
04/04/2024,04/05/2024,Good CHO S,Food & Drink,Sale,-2.81,
04/03/2024,04/04/2024,HI LIFE,Groceries,Sale,-1.09,
04/03/2024,04/04/2024,GOOGLE *Google Storage,Shopping,Sale,-2.11,
04/03/2024,04/04/2024,ESLITE ART HOUSE,Entertainment,Sale,-16.85,
04/01/2024,04/03/2024,7-11,Groceries,Sale,-1.53,
04/02/2024,04/03/2024,UBER   *DominosPizza,Food & Drink,Sale,-1.50,
04/02/2024,04/03/2024,SPOONFUL,Food & Drink,Sale,-9.99,
04/01/2024,04/02/2024,Alishan Hotel,Travel,Sale,-18.25,
04/01/2024,04/02/2024,A LI SHAN 00221,Travel,Return,8.42,
03/30/2024,04/02/2024,7-11,Groceries,Sale,-0.78,
03/30/2024,04/01/2024,FENCHIHU HOTEL,Travel,Sale,-192.88,
03/28/2024,04/01/2024,7-11,Groceries,Sale,-2.78,
03/28/2024,04/01/2024,7-11,Groceries,Sale,-0.91,
03/29/2024,04/01/2024,750083 RT-Mart,Groceries,Sale,-25.34,
03/31/2024,04/01/2024,FU SHENG TEA,Food & Drink,Sale,-47.44,
03/29/2024,03/31/2024,PRESICARRE CORP.-CM,Groceries,Sale,-8.42,
03/29/2024,03/31/2024,UBER FORMOSA CO LTD,Travel,Sale,-1.22,
03/29/2024,03/31/2024,MEGA HOTEL,Travel,Sale,-108.27,
03/29/2024,03/31/2024,HINOKI VILLAGE,Shopping,Sale,-12.83,
03/28/2024,03/29/2024,TAIPEI 101,Food & Drink,Sale,-3.13,
03/28/2024,03/29/2024,Good CHO S,Food & Drink,Sale,-5.91,
03/27/2024,03/29/2024,TAIWAN FAMILYMART CO. LTD,Personal,Sale,-1.00,
03/29/2024,03/29/2024,AIRALO,Shopping,Sale,-7.00,
03/28/2024,03/29/2024,Taipei 101  13178,Shopping,Sale,-22.51,
03/27/2024,03/28/2024,Familynet Co.  Ltd.,Shopping,Return,13.49,
03/27/2024,03/28/2024,Familynet Co.  Ltd.,Shopping,Return,15.62,
03/26/2024,03/27/2024,ENSUEY 29685,Food & Drink,Sale,-28.30,
03/26/2024,03/27/2024,UBER FORMOSA CO LTD,Travel,Sale,-7.72,
03/25/2024,03/27/2024,A LI SHAN 02105,Travel,Sale,-9.40,
03/26/2024,03/27/2024,Good CHO S,Food & Drink,Sale,-2.51,
03/25/2024,03/27/2024,TAIWAN FAMILYMART CO. LTD,Personal,Sale,-1.35,
03/25/2024,03/26/2024,Familynet Co.  Ltd.,Shopping,Sale,-17.46,
03/25/2024,03/26/2024,Familynet Co.  Ltd.,Shopping,Sale,-17.46,
03/25/2024,03/26/2024,Familynet Co.  Ltd.,Shopping,Sale,-15.07,
03/24/2024,03/26/2024,7-11,Groceries,Sale,-4.76,
03/24/2024,03/26/2024,7-11,Groceries,Sale,-2.82,
03/23/2024,03/26/2024,7-11,Groceries,Sale,-2.79,
03/25/2024,03/26/2024,Familynet Co.  Ltd.,Shopping,Sale,-15.07,
03/23/2024,03/25/2024,A LI SHAN 02105,Travel,Sale,-24.07,
03/23/2024,03/25/2024,MIOPANE TIANMU BRANCH CO.,Food & Drink,Sale,-12.38,
03/21/2024,03/25/2024,TAIWAN FAMILYMART CO. LTD,Personal,Sale,-4.67,
03/22/2024,03/25/2024,TAIWAN FAMILYMART CO. LTD,Personal,Sale,-1.57,
03/22/2024,03/25/2024,TAI WAN MA TOU TSAN,Food & Drink,Sale,-24.82,
03/22/2024,03/24/2024,YUE GUANG HIA,Food & Drink,Sale,-4.23,
03/24/2024,03/24/2024,GOOGLE *ParentingTW,Shopping,Sale,-28.68,
03/22/2024,03/24/2024,G WOO,Food & Drink,Sale,-42.05,
03/22/2024,03/24/2024,Uber one,Travel,Sale,-3.76,
03/22/2024,03/24/2024,liukagreengreengreen,Food & Drink,Sale,-6.27,
03/22/2024,03/22/2024,AUTOMATIC PAYMENT - THANK,,Payment,2344.63,
03/21/2024,03/22/2024,THE ESLITE SPECTRUM,Shopping,Sale,-5.96,
03/20/2024,03/22/2024,McDonald's Restaurant Ope,Food & Drink,Sale,-4.12,
03/20/2024,03/22/2024,STARLUX AIRLINES CO.  LTD,Travel,Sale,-1217.89,
03/20/2024,03/22/2024,McDonald's Restaurant Ope,Food & Drink,Sale,-3.74,
03/21/2024,03/22/2024,THE ESLITE SPECTRUM,Shopping,Sale,-13.14,
03/20/2024,03/21/2024,Great Tree Pharmacy Co. ,Health & Wellness,Sale,-16.95,
03/20/2024,03/21/2024,Great Tree Pharmacy Co. ,Health & Wellness,Sale,-10.69,
03/20/2024,03/21/2024,taiwan adventist hospital,Health & Wellness,Sale,-794.19,
03/18/2024,03/21/2024,7-11,Groceries,Sale,-2.69,
03/19/2024,03/20/2024,MIOPANE TIANMU BRANCH CO.,Food & Drink,Sale,-9.48,
03/19/2024,03/20/2024,taiwan adventist hospital,Health & Wellness,Sale,-319.96,
03/18/2024,03/19/2024,THE ESLITE SPECTRUM,Shopping,Sale,-10.12,
03/18/2024,03/19/2024,NIRALA OVERSEAS CO. LTD 0,Food & Drink,Sale,-33.40,
03/16/2024,03/19/2024,7-11,Groceries,Sale,-1.58,
03/13/2024,03/18/2024,7-11,Groceries,Sale,-1.11,
03/13/2024,03/18/2024,7-11,Groceries,Sale,-0.64,
03/14/2024,03/18/2024,TAIWAN SHIH FAN,Education,Sale,-686.48,
03/16/2024,03/18/2024,NIAO JEN,Food & Drink,Sale,-19.61,
03/17/2024,03/18/2024,AMAZON PRIME*R61WH3AP1,Shopping,Sale,-5.99,
03/16/2024,03/18/2024,750022RT-Mart,Groceries,Sale,-90.24,
03/14/2024,03/18/2024,TAIWAN FAMILYMART CO. LTD,Personal,Sale,-2.13,
03/15/2024,03/18/2024,CATHAY GENERAL HOSPITAL,Health & Wellness,Sale,-77.39,
03/15/2024,03/17/2024,UBER FORMOSA CO LTD,Travel,Sale,-4.08,
03/14/2024,03/17/2024,OPEN INC,Personal,Return,150.00,
03/15/2024,03/17/2024,GONNA EAT,Food & Drink,Sale,-44.63,
03/16/2024,03/17/2024,AMAZON PRIME*R61O84ZE1,Shopping,Sale,-5.99,
03/14/2024,03/15/2024,Good CHO S,Food & Drink,Sale,-2.53,
03/14/2024,03/15/2024,UBER FORMOSA CO LTD,Travel,Sale,-7.76,
03/13/2024,03/15/2024,TAIWAN FAMILYMART CO. LTD,Personal,Sale,-1.75,
03/14/2024,03/15/2024,UBER FORMOSA CO LTD,Travel,Sale,-5.76,
03/14/2024,03/15/2024,LOUISA COFFEE,Food & Drink,Sale,-4.13,
03/14/2024,03/15/2024,Izmir Ltd.,Food & Drink,Sale,-62.07,
03/13/2024,03/14/2024,AIRALO,Shopping,Sale,-9.50,
03/11/2024,03/14/2024,7-11,Groceries,Sale,-2.71,
03/13/2024,03/14/2024,UBER FORMOSA CO LTD,Travel,Sale,-8.26,
03/13/2024,03/14/2024,AMAZON PRIME*R606941P2,Shopping,Sale,-5.99,
03/13/2024,03/14/2024,THE ESLITE SPECTRUM,Shopping,Sale,-14.93,
03/12/2024,03/14/2024,MATSUYA,Food & Drink,Sale,-14.16,
03/13/2024,03/14/2024,THE ESLITE SPECTRUM,Shopping,Sale,-2.55,
03/13/2024,03/14/2024,UBER FORMOSA CO LTD,Travel,Sale,-4.07,
03/12/2024,03/14/2024,McDonald's Restaurant Ope,Food & Drink,Sale,-5.28,
03/12/2024,03/13/2024,MIOPANE TIANMU BRANCH CO.,Food & Drink,Sale,-9.54,
03/12/2024,03/13/2024,ACpay Co.  Ltd.,Food & Drink,Sale,-14.00,
03/12/2024,03/13/2024,UBER   *DominosPizza,Food & Drink,Sale,-16.33,
03/12/2024,03/13/2024,TAI WAN KA DUO MO YING,Shopping,Sale,-55.23,
03/11/2024,03/12/2024,UBER   *LittleNewYor,Food & Drink,Sale,-1.11,
03/10/2024,03/12/2024,7-11,Groceries,Sale,-0.96,
03/11/2024,03/12/2024,GONNA EAT,Food & Drink,Sale,-22.63,
03/11/2024,03/12/2024,LOUISA COFFEE,Food & Drink,Sale,-2.39,
03/11/2024,03/12/2024,MIOPANE TIANMU BRANCH CO.,Food & Drink,Sale,-10.52,
03/10/2024,03/12/2024,SHIH CHIEN YU HSIEN,Food & Drink,Sale,-7.97,
03/10/2024,03/12/2024,SHIH CHIEN YU HSIEN,Food & Drink,Sale,-12.75,
03/10/2024,03/11/2024,AMAZON PRIME*R685Y6V50,Shopping,Sale,-3.99,
03/09/2024,03/11/2024,HI LIFE,Groceries,Sale,-3.57,
03/08/2024,03/11/2024,WATSONS-S0674,Shopping,Sale,-7.56,
03/10/2024,03/11/2024,UBER   *LittleNewYor,Food & Drink,Sale,-11.41,
03/09/2024,03/10/2024,AIRALO,Shopping,Sale,-9.50,
03/09/2024,03/10/2024,AMAZON PRIME*R64GL10J0,Shopping,Sale,-5.99,
03/09/2024,03/10/2024,UBER FORMOSA CO LTD,Travel,Sale,-7.43,
03/07/2024,03/08/2024,JIN TIAN SHIA 21070,Shopping,Sale,-10.99,
03/07/2024,03/08/2024,Good CHO S,Food & Drink,Sale,-2.54,
03/07/2024,03/08/2024,MIOPANE TIANMU BRANCH CO.,Food & Drink,Sale,-2.86,
03/07/2024,03/08/2024,MIOPANE TIANMU BRANCH CO.,Food & Drink,Sale,-12.07,
03/06/2024,03/07/2024,LOUISA COFFEE,Food & Drink,Sale,-4.91,
03/06/2024,03/07/2024,MIOPANE TIANMU BRANCH CO.,Food & Drink,Sale,-2.85,
03/06/2024,03/07/2024,TAI WAN KA DUO MO YING,Shopping,Sale,-52.70,
03/06/2024,03/07/2024,UBER FORMOSA CO LTD,Travel,Sale,-6.51,
03/06/2024,03/07/2024,COSMED,Shopping,Sale,-11.31,
03/05/2024,03/07/2024,TAIWAN FAMILYMART CO. LTD,Personal,Sale,-4.31,
03/05/2024,03/07/2024,7-11,Groceries,Sale,-2.85,
03/05/2024,03/06/2024,ESLITE ART HOUSE,Entertainment,Sale,-18.39,
03/04/2024,03/06/2024,TAIWAN FAMILYMART CO. LTD,Personal,Sale,-2.53,
03/04/2024,03/06/2024,TAIWAN FAMILYMART CO. LTD,Personal,Sale,-0.82,
03/05/2024,03/06/2024,THE ESLITE SPECTRUM,Shopping,Sale,-1.59,
03/05/2024,03/06/2024,Great Tree Pharmacy,Health & Wellness,Sale,-17.09,
03/05/2024,03/06/2024,THE ESLITE SPECTRUM,Shopping,Sale,-7.77,
03/04/2024,03/05/2024,SUNNY HILLS,Groceries,Sale,-11.40,
03/04/2024,03/05/2024,BaganHood,Food & Drink,Sale,-20.20,
03/04/2024,03/05/2024,MIOPANE TIANMU BRANCH CO.,Food & Drink,Sale,-2.85,
03/03/2024,03/04/2024,GOOGLE *Google Storage,Shopping,Sale,-2.11,
03/03/2024,03/04/2024,MIOPANE TIANMU BRANCH CO.,Food & Drink,Sale,-7.44,
03/01/2024,03/04/2024,Jinhelian Catering Consul,Food & Drink,Sale,-64.86,
03/02/2024,03/04/2024,MIOPANE TIANMU BRANCH CO.,Food & Drink,Sale,-11.56,
03/03/2024,03/04/2024,750022RT-Mart,Groceries,Sale,-57.91,
03/03/2024,03/04/2024,MIOPANE TIANMU BRANCH CO.,Food & Drink,Sale,-11.71,
03/02/2024,03/04/2024,THE ESLITE SPECTRUM,Shopping,Sale,-12.66,
03/02/2024,03/04/2024,THE ESLITE SPECTRUM,Shopping,Sale,-7.44,
03/02/2024,03/03/2024,UBER FORMOSA CO LTD,Travel,Sale,-12.44,
03/02/2024,03/03/2024,H&amp;M 54593,Shopping,Sale,-69.62,
03/01/2024,03/03/2024,McDonald's Restaurant Ope,Food & Drink,Sale,-3.61,
03/01/2024,03/03/2024,UBER FORMOSA CO LTD,Travel,Sale,-19.31,
03/01/2024,03/03/2024,Good CHO S,Food & Drink,Sale,-2.53,
02/29/2024,03/01/2024,WELLCOME PHARMACY,Health & Wellness,Sale,-20.86,
02/29/2024,03/01/2024,DA LE SI WEN CHUANG GU,Food & Drink,Sale,-61.51,
02/28/2024,02/29/2024,mingyao,Shopping,Return,89.69,
02/28/2024,02/29/2024,mingyao,Shopping,Sale,-64.92,
02/28/2024,02/29/2024,LITTLE TREE FOOD,Food & Drink,Sale,-32.40,
02/27/2024,02/29/2024,DECATHLON TAIWAN CO.  LTD,Shopping,Sale,-11.06,
02/28/2024,02/29/2024,COSMED,Shopping,Sale,-78.13,
02/28/2024,02/29/2024,MIOPANE TIANMU BRANCH CO.,Food & Drink,Sale,-2.85,
02/26/2024,02/29/2024,TAIWAN FAMILYMART CO. LTD,Personal,Sale,-0.82,
02/28/2024,02/29/2024,POYA,Shopping,Sale,-24.45,
02/28/2024,02/29/2024,NIRALA OVERSEAS CO. LTD 0,Food & Drink,Sale,-35.88,
02/27/2024,02/28/2024,HAPI CAFE,Food & Drink,Sale,-3.80,
02/26/2024,02/27/2024,UBER FORMOSA CO LTD,Travel,Sale,-8.65,
02/26/2024,02/27/2024,MIOPANE TIANMU BRANCH CO.,Food & Drink,Sale,-2.85,
02/23/2024,02/26/2024,TAIWAN FAMILYMART CO. LTD,Personal,Sale,-17.38,
02/25/2024,02/26/2024,AIRALO,Shopping,Sale,-7.00,
02/22/2024,02/23/2024,Uber one,Travel,Sale,-3.81,
02/22/2024,02/23/2024,MIOPANE TIANMU BRANCH CO.,Food & Drink,Sale,-2.86,
02/22/2024,02/23/2024,MIOPANE TIANMU BRANCH CO.,Food & Drink,Sale,-12.69,
02/22/2024,02/23/2024,MIOPANE YONGKANG BRANC,Food & Drink,Sale,-10.15,
02/21/2024,02/23/2024,McDonald's Restaurant Ope,Food & Drink,Sale,-3.21,
02/22/2024,02/22/2024,AUTOMATIC PAYMENT - THANK,,Payment,3441.44,
02/20/2024,02/21/2024,MIOPANE TIANMU BRANCH CO.,Food & Drink,Sale,-12.10,
02/20/2024,02/21/2024,mingyao,Shopping,Sale,-18.89,
02/20/2024,02/21/2024,mingyao,Shopping,Sale,-90.45,
02/19/2024,02/21/2024,WELLCOME-D9,Groceries,Sale,-31.76,
02/20/2024,02/21/2024,MIOPANE TIANMU BRANCH CO.,Food & Drink,Sale,-2.87,
02/19/2024,02/21/2024,TAIWAN FAMILYMART CO. LTD,Personal,Sale,-1.63,
02/19/2024,02/20/2024,UBER   *MiXiangChiS,Food & Drink,Sale,-12.29,
02/19/2024,02/20/2024,UBER FORMOSA CO LTD,Travel,Sale,-5.83,
02/19/2024,02/20/2024,HAPI CAFE,Food & Drink,Sale,-3.83,
02/15/2024,02/19/2024,7-11,Groceries,Sale,-10.34,
02/17/2024,02/19/2024,TAIWAN FAMILYMART CO. LTD,Personal,Sale,-2.23,
02/18/2024,02/19/2024,Great Tree Pharmacy Co. ,Health & Wellness,Return,6.37,
02/18/2024,02/19/2024,TOMOD'S,Health & Wellness,Sale,-3.35,
02/16/2024,02/19/2024,7-11,Groceries,Sale,-2.52,
02/17/2024,02/19/2024,TIEN TSUNG,Food & Drink,Sale,-22.10,
02/15/2024,02/18/2024,7-11,Groceries,Sale,-6.23,
02/14/2024,02/18/2024,7-11,Groceries,Sale,-3.17,
02/17/2024,02/18/2024,UBER   *FancyPokeXia,Food & Drink,Sale,-14.19,
02/16/2024,02/18/2024,THE ESLITE SPECTRUM,Shopping,Sale,-3.83,
02/16/2024,02/18/2024,THE ESLITE SPECTRUM,Shopping,Sale,-6.70,
02/16/2024,02/18/2024,MIOPANE TIANMU BRANCH CO.,Food & Drink,Sale,-5.90,
02/16/2024,02/18/2024,POYA,Shopping,Sale,-22.29,
02/15/2024,02/16/2024,COSMED,Shopping,Sale,-4.17,
02/13/2024,02/16/2024,7-11,Groceries,Sale,-3.80,
02/14/2024,02/16/2024,UBER   *HongShiFuNi,Food & Drink,Sale,-1.37,
02/15/2024,02/16/2024,BEARMAMA CULTURAL,Shopping,Sale,-28.08,
02/14/2024,02/16/2024,UBER   *Hala Chicken,Food & Drink,Sale,-16.14,
02/15/2024,02/16/2024,MIOPANE YONGKANG BRANC,Food & Drink,Sale,-9.38,
02/15/2024,02/16/2024,JIN JAN,Shopping,Sale,-91.60,
02/15/2024,02/16/2024,JIN JAN,Shopping,Sale,-31.49,
02/07/2024,02/15/2024,7-11,Groceries,Sale,-3.02,
02/13/2024,02/15/2024,7-11,Groceries,Sale,-3.38,
02/13/2024,02/15/2024,7-11,Groceries,Sale,-1.15,
02/12/2024,02/15/2024,mingyao,Shopping,Sale,-13.35,
02/14/2024,02/15/2024,THE ESLITE SPECTRUM,Shopping,Sale,-5.93,
02/14/2024,02/15/2024,Fourninetine Bakery,Food & Drink,Sale,-8.09,
02/13/2024,02/15/2024,THE ESLITE SPECTRUM,Shopping,Sale,-14.23,
02/14/2024,02/15/2024,GONNA EAT,Food & Drink,Sale,-32.20,
02/12/2024,02/15/2024,STARBUCKS,Food & Drink,Sale,-2.71,
02/14/2024,02/15/2024,CATHAY GENERAL HOSPITAL,Health & Wellness,Sale,-161.37,
02/08/2024,02/15/2024,7-11,Groceries,Sale,-5.52,
02/09/2024,02/15/2024,7-11,Groceries,Sale,-4.17,
02/11/2024,02/15/2024,7-11,Groceries,Sale,-1.75,
02/12/2024,02/14/2024,McDonald's Restaurant Ope,Food & Drink,Sale,-4.81,
02/12/2024,02/13/2024,NIRALA OVERSEAS CO. LTD 0,Food & Drink,Sale,-45.56,
02/12/2024,02/13/2024,TSANN KUEN ENTERPRISE CO,Shopping,Sale,-8.90,
02/13/2024,02/13/2024,OPENAI,Shopping,Sale,-16.33,
02/11/2024,02/12/2024,750022RT-Mart,Groceries,Sale,-25.74,
02/08/2024,02/12/2024,MIOPANE TIANMU BRANCH CO.,Food & Drink,Sale,-11.96,
02/08/2024,02/12/2024,mingyao,Shopping,Sale,-42.93,
02/08/2024,02/12/2024,LOUISA COFFEE,Food & Drink,Sale,-4.46,
02/11/2024,02/12/2024,Great Tree Pharmacy,Health & Wellness,Sale,-8.60,
02/11/2024,02/12/2024,Great Tree Pharmacy Co. ,Health & Wellness,Sale,-27.65,
02/10/2024,02/11/2024,OPEN INC,Personal,Sale,-150.00,
02/09/2024,02/11/2024,UBER FORMOSA CO LTD,Travel,Sale,-17.27,
02/06/2024,02/09/2024,MITSUMORI,Food & Drink,Sale,-7.22,
02/06/2024,02/09/2024,MITSUMORI,Food & Drink,Sale,-3.64,
02/07/2024,02/09/2024,KIX TENANTS,Shopping,Sale,-11.02,
02/05/2024,02/09/2024,GO(TAXI APP),Shopping,Sale,-14.87,
02/05/2024,02/08/2024,KYOTO PORTA,Shopping,Sale,-3.76,
02/08/2024,02/08/2024,AIRALO,Shopping,Sale,-14.00,
02/06/2024,02/08/2024,HIRANOYAHONPO,Groceries,Sale,-8.38,
02/06/2024,02/08/2024,KOBESTEAKMERICAN,Food & Drink,Sale,-58.68,
02/06/2024,02/08/2024,LAWSON,Groceries,Sale,-4.78,
02/06/2024,02/08/2024,WAKASAYA,Shopping,Sale,-6.21,
02/06/2024,02/08/2024,HOTEL MONTEREY KOBE,Travel,Sale,-72.18,
02/06/2024,02/08/2024,YOSHITAKAYAHONTEN,Shopping,Sale,-27.81,
02/06/2024,02/08/2024,RYOFUKAKU,Travel,Sale,-185.97,
02/05/2024,02/08/2024,KYOTO PORTA,Shopping,Sale,-8.35,
02/04/2024,02/07/2024,ARIMAONSEN-KYOTO,Shopping,Sale,-25.30,
02/05/2024,02/07/2024,KYOTO RAILWAY MUSEUM SHOP,Entertainment,Sale,-22.42,
02/05/2024,02/07/2024,LAWSON,Groceries,Sale,-12.11,
02/07/2024,02/07/2024,AIRALO,Shopping,Sale,-14.00,
02/04/2024,02/06/2024,ROYAL HOST,Food & Drink,Sale,-31.82,
02/06/2024,02/06/2024,SUPPORT.PERFECTBODY.ME,Health & Wellness,Sale,-25.99,
02/03/2024,02/06/2024,TSURUHA DRUG,Health & Wellness,Sale,-3.26,
02/03/2024,02/06/2024,DAILY YAMAZAKI,Groceries,Sale,-1.96,
02/03/2024,02/05/2024,FUJIISHI,Food & Drink,Sale,-65.65,
02/03/2024,02/05/2024,SQ*DRAGON BURGER FUSHIMII,Food & Drink,Sale,-12.31,
02/02/2024,02/05/2024,IPPODO CHAHOICHI,Food & Drink,Sale,-3.69,
02/02/2024,02/05/2024,RUTUBO,Food & Drink,Sale,-31.46,
02/02/2024,02/05/2024,ENFUSE,Food & Drink,Sale,-15.77,
02/01/2024,02/05/2024,STARBUCKS COFFEE JAPAN,Food & Drink,Sale,-4.60,
02/03/2024,02/05/2024,SARYOTSUJIRI HONTEN NIKAI,Food & Drink,Sale,-17.68,
01/31/2024,02/05/2024,GO(TAXI APP),Shopping,Sale,-13.68,
02/03/2024,02/04/2024,AIRALO,Shopping,Sale,-6.50,
02/02/2024,02/04/2024,NIJO-JO CASTLE,Entertainment,Sale,-17.82,
02/01/2024,02/04/2024,HURESUKOTERAMACHITEN,Groceries,Sale,-15.84,
02/01/2024,02/04/2024,SHINSHINDO OIKE,Food & Drink,Sale,-13.47,
02/01/2024,02/04/2024,SHINSHINDO OIKE,Food & Drink,Sale,-3.32,
02/01/2024,02/04/2024,SQ*HACHI,Food & Drink,Sale,-11.97,
02/02/2024,02/04/2024,KYOCERA MUSEUM OF ART,Entertainment,Sale,-10.01,
02/01/2024,02/04/2024,TSURUHA DRUG,Health & Wellness,Sale,-6.05,
01/30/2024,02/02/2024,KANOSHOJIKABUSHIKIKAISHIY,Travel,Sale,-39.35,
01/31/2024,02/02/2024,HATAGO INN KANSAI AIRPORT,Travel,Sale,-7.48,
01/30/2024,02/01/2024,TAIWAN FAMILYMART CO. LTD,Personal,Sale,-3.65,
01/30/2024,02/01/2024,HATAGO INN KANSAI AIRPORT,Travel,Sale,-113.15,
01/30/2024,01/31/2024,SHEN HENG CHANG  00264,Shopping,Sale,-20.50,
01/31/2024,01/31/2024,AIRALO,Shopping,Sale,-6.50,
01/30/2024,01/31/2024,SHIN DUNG YANG 01667,Groceries,Sale,-3.52,
01/31/2024,01/31/2024,AIRALO,Shopping,Sale,-4.50,
01/29/2024,01/30/2024,MIOPANE TIANMU BRANCH CO.,Food & Drink,Sale,-6.24,
01/27/2024,01/30/2024,7-11,Groceries,Sale,-4.67,
01/29/2024,01/30/2024,UBER FORMOSA CO LTD,Travel,Sale,-9.03,
01/28/2024,01/29/2024,PRESICARRE CORP.-DR,Groceries,Sale,-29.45,
01/28/2024,01/29/2024,TIAMO COFFEE COMPANY KUNG,Home,Sale,-19.21,
01/28/2024,01/29/2024,mingyao,Shopping,Sale,-8.00,
01/27/2024,01/29/2024,THE ESLITE SPECTRUM,Shopping,Sale,-7.87,
01/25/2024,01/29/2024,7-11,Groceries,Sale,-5.24,
01/27/2024,01/29/2024,TAIWAN FAMILYMART CO. LTD,Personal,Sale,-1.92,
01/28/2024,01/29/2024,mingyao,Shopping,Sale,-3.84,
01/28/2024,01/29/2024,mingyao,Shopping,Sale,-81.34,
01/27/2024,01/28/2024,UBER FORMOSA CO LTD,Travel,Sale,-5.60,
01/26/2024,01/28/2024,SHIH CHIEN YU HSIEN,Food & Drink,Sale,-7.98,
01/27/2024,01/28/2024,UBER FORMOSA CO LTD,Travel,Sale,-10.02,
01/26/2024,01/28/2024,UNI-PRESIDENT DEPT.,Shopping,Sale,-220.92,
01/27/2024,01/28/2024,Kindle Svcs*R23O71OF0,Shopping,Sale,-13.99,
01/25/2024,01/26/2024,MIOPANE YONGKANG BRANC,Food & Drink,Sale,-13.90,
01/23/2024,01/26/2024,7-11,Groceries,Sale,-0.57,
01/24/2024,01/25/2024,AIRALO,Shopping,Sale,-4.00,
01/22/2024,01/25/2024,7-11,Groceries,Sale,-4.26,
01/24/2024,01/25/2024,BREEZE CENTER,Shopping,Sale,-12.41,
01/24/2024,01/25/2024,THE ESLITE SPECTRUM,Shopping,Sale,-19.57,
01/24/2024,01/25/2024,MIOPANE YONGKANG BRANC,Food & Drink,Sale,-4.30,
01/24/2024,01/25/2024,THE ESLITE SPECTRUM,Shopping,Sale,-3.50,
01/24/2024,01/25/2024,THE ESLITE SPECTRUM,Shopping,Sale,-33.58,
01/23/2024,01/24/2024,COSMED,Shopping,Sale,-42.68,
01/24/2024,01/24/2024,AIRALO,Shopping,Sale,-7.00,
01/23/2024,01/24/2024,WORLD FITNESS ASIA LIMITE,Entertainment,Sale,-683.90,
01/22/2024,01/23/2024,STARBUCKS,Food & Drink,Sale,-2.70,
01/22/2024,01/23/2024,LOUISA COFFEE,Food & Drink,Sale,-1.59,
01/22/2024,01/23/2024,CAMA,Food & Drink,Sale,-19.60,
01/22/2024,01/23/2024,Uber one,Travel,Sale,-3.82,
01/22/2024,01/23/2024,THE ESLITE SPECTRUM,Shopping,Sale,-3.50,
01/22/2024,01/23/2024,MIOPANE YONGKANG BRANC,Food & Drink,Sale,-9.07,
01/22/2024,01/22/2024,AUTOMATIC PAYMENT - THANK,,Payment,2559.08,
01/19/2024,01/22/2024,THE GALA ASIA,Shopping,Sale,-10.18,
01/21/2024,01/22/2024,WorldGym,Health & Wellness,Sale,-101.04,
01/21/2024,01/22/2024,WorldGym,Health & Wellness,Sale,-101.04,
01/20/2024,01/21/2024,BREEZE CENTER,Shopping,Sale,-183.28,
01/18/2024,01/19/2024,LOUISA COFFEE,Food & Drink,Sale,-2.37,
01/18/2024,01/19/2024,UBER FORMOSA CO LTD,Travel,Sale,-6.44,
01/18/2024,01/19/2024,PACIFIC SOGO11751,Shopping,Sale,-8.38,
01/16/2024,01/19/2024,7-11,Groceries,Sale,-4.41,
01/17/2024,01/18/2024,BeiTou Museum,Entertainment,Sale,-7.59,
01/17/2024,01/18/2024,SGARDEN-EXHIBITION,Entertainment,Sale,-63.54,
01/15/2024,01/18/2024,7-11,Groceries,Sale,-11.91,
01/16/2024,01/17/2024,UBER FORMOSA CO LTD,Travel,Sale,-6.51,
01/16/2024,01/17/2024,UBER FORMOSA CO LTD,Travel,Sale,-0.64,
01/15/2024,01/16/2024,UBER   *HongShiFuNi,Food & Drink,Sale,-13.75,
01/15/2024,01/16/2024,MIOPANE YONGKANG BRANC,Food & Drink,Sale,-9.34,
01/12/2024,01/15/2024,7-11,Groceries,Sale,-5.44,
01/11/2024,01/15/2024,7-11,Groceries,Sale,-4.50,
01/12/2024,01/15/2024,TAIWAN FAMILYMART CO. LTD,Personal,Sale,-1.13,
01/12/2024,01/15/2024,THE ESLITE SPECTRUM,Shopping,Sale,-3.22,
01/11/2024,01/15/2024,YOSHINOYA GROUP,Food & Drink,Sale,-2.86,
01/11/2024,01/15/2024,7-11,Groceries,Sale,-3.79,
01/14/2024,01/15/2024,UBER FORMOSA CO LTD,Travel,Sale,-9.59,
01/12/2024,01/15/2024,THE ESLITE SPECTRUM,Shopping,Sale,-2.38,
01/12/2024,01/15/2024,THE ESLITE SPECTRUM,Shopping,Sale,-16.42,
01/14/2024,01/15/2024,ZHONG DUN GUO JI GU FE,Groceries,Sale,-11.59,
01/13/2024,01/15/2024,7-11,Groceries,Sale,-0.97,
01/12/2024,01/14/2024,UBER FORMOSA CO LTD,Travel,Sale,-18.42,
01/11/2024,01/12/2024,UBER   *AWeiHongSha,Food & Drink,Sale,-8.30,
01/10/2024,01/12/2024,TAIWAN FAMILYMART CO. LTD,Personal,Sale,-0.80,
01/09/2024,01/12/2024,7-11,Groceries,Sale,-3.55,
01/11/2024,01/12/2024,MIOPANE YONGKANG BRANC,Food & Drink,Sale,-9.97,
01/09/2024,01/12/2024,7-11,Groceries,Sale,-3.85,
01/08/2024,01/11/2024,7-11,Groceries,Sale,-1.84,
01/10/2024,01/11/2024,MIOPANE TIANMU BRANCH CO.,Food & Drink,Sale,-14.17,
01/08/2024,01/09/2024,MIOPANE YONGKANG BRANC,Food & Drink,Sale,-11.31,
01/08/2024,01/09/2024,Kindle Svcs*TK21I4SS2,Shopping,Sale,-0.99,
01/08/2024,01/09/2024,HERMIT'S HUT,Groceries,Sale,-26.70,
01/03/2024,01/08/2024,7-11,Groceries,Sale,-7.90,
01/05/2024,01/08/2024,7-11,Groceries,Sale,-8.05,
01/05/2024,01/08/2024,Great Tree Pharmacy,Health & Wellness,Sale,-12.08,
01/04/2024,01/08/2024,under lab,Food & Drink,Sale,-58.46,
01/06/2024,01/07/2024,UBER FORMOSA CO LTD,Travel,Sale,-7.79,
01/04/2024,01/05/2024,LOUISA COFFEE,Food & Drink,Sale,-1.90,
01/04/2024,01/05/2024,LOUISA COFFEE,Food & Drink,Sale,-1.61,
01/04/2024,01/05/2024,KINGYO,Food & Drink,Sale,-45.35,
01/01/2024,01/04/2024,7-11,Groceries,Sale,-5.41,
01/02/2024,01/04/2024,TAIWAN FAMILYMART CO. LTD,Personal,Sale,-2.45,
01/01/2024,01/04/2024,7-11,Groceries,Sale,-4.83,
01/02/2024,01/03/2024,WELLCOME-A0,Groceries,Sale,-13.96,
01/02/2024,01/03/2024,TAIPEI 101,Food & Drink,Sale,-15.33,
01/02/2024,01/03/2024,UBER FORMOSA CO LTD,Travel,Sale,-7.77,
01/01/2024,01/02/2024,Ikari Coffee,Food & Drink,Sale,-12.98,
12/29/2023,01/02/2024,WATSONS-S0674,Shopping,Sale,-12.70,
12/29/2023,01/02/2024,7-11,Groceries,Sale,-2.44,
12/31/2023,01/02/2024,MIOPANE TIANMU BRANCH CO.,Food & Drink,Sale,-8.48,
12/29/2023,01/02/2024,MOS,Food & Drink,Sale,-6.48,
01/01/2024,01/02/2024,UBER FORMOSA CO LTD,Travel,Sale,-7.08,
12/31/2023,01/02/2024,WELLCOME-D9,Groceries,Sale,-39.69,
12/29/2023,01/02/2024,TAIWAN FAMILYMART CO. LTD,Personal,Sale,-1.14,
12/29/2023,01/02/2024,7-11,Groceries,Sale,-0.65,
01/01/2024,01/02/2024,UBER FORMOSA CO LTD,Travel,Sale,-1.30,
12/31/2023,01/02/2024,TAIWAN FAMILYMART CO. LTD,Personal,Sale,-3.13,
12/31/2023,01/01/2024,TARO NUMMIES,Food & Drink,Sale,-15.82,
12/31/2023,01/01/2024,Prime Video *C535P3KC3,Shopping,Sale,-19.99,
12/29/2023,01/01/2024,NATIONAL PALA,Entertainment,Sale,-22.80,
12/29/2023,01/01/2024,NATIONAL PALA,Entertainment,Sale,-4.89,
